{"0": [107.0296531738179, 28.342602337864033, 100], "1": [109.13825562660404, 25.074642063308012, 100], "2": [108.89986645346362, 25.34202418349904, 100], "3": [108.13549485642999, 27.660171064279577, 100], "4": [107.65191848834762, 27.35710354317045, 100], "5": [107.76414193613215, 27.662199924071693, 100], "6": [106.95635379637193, 27.505091490635678, 100], "7": [108.72153314277156, 26.078296016824694, 100], "8": [109.10797603405679, 27.417995367168576, 100], "9": [107.56816491778245, 25.44325337535217, 100], "10": [109.14033660500243, 27.76566895831152, 100], "11": [107.4594794409934, 26.502740178573504, 100], "12": [107.80620395645343, 25.15229555659338, 100], "13": [108.15810707426236, 27.480966569926505, 100], "14": [107.21976515355662, 24.658706703572197, 100], "15": [107.37274767108451, 25.72382896569971, 100], "16": [108.35268311459097, 25.615648875933143, 100], "17": [109.17008804152283, 27.93774337877889, 100], "18": [108.61279563435215, 26.518369718941354, 100], "19": [107.52838634257583, 26.910992934391203, 100], "20": [109.32421462276379, 24.728988234352876, 100], "21": [108.29091799912835, 24.809515581069878, 100], "22": [107.94622283064426, 29.08743294718308, 100], "23": [108.61248873592743, 25.47232627079741, 100], "24": [107.1016949726749, 26.077816269555466, 100], "25": [107.33893317635078, 25.65036644519161, 100], "26": [106.92383372192018, 27.498621241836894, 100], "27": [108.80773912604717, 25.972919411264616, 100], "28": [108.85955155568425, 26.807914159168583, 100], "29": [108.08407368281514, 26.76972983282363, 100], "30": [108.25391528613743, 29.12788659375112, 100], "31": [108.53320008524167, 25.624965168668123, 100], "32": [109.13916935574663, 28.258426800142416, 100], "33": [109.29137001705648, 28.122498261282715, 100], "34": [108.17534619629409, 25.08966617908913, 100], "35": [106.94841882192271, 28.373961551828085, 100], "36": [108.88937620786383, 26.015199923465175, 100], "37": [109.13974385214529, 28.262924182256732, 100], "38": [106.8529740424374, 27.59282548854393, 100], "39": [106.80210054897837, 25.32106905811806, 100], "40": [107.57207205633271, 28.64448136735041, 100], "41": [107.28282166297663, 28.280171395544045, 100], "42": [109.26296709085152, 25.890211339863157, 100], "43": [107.54021788350958, 25.965274989335263, 100], "44": [107.9028380053912, 26.375004646208314, 100], "45": [107.77310588288273, 26.29759634045765, 100], "46": [107.9648603618358, 28.07901238989025, 100], "47": [108.42552388764868, 24.601805959010825, 100], "48": [109.05801004013816, 24.387418249544986, 100], "49": [108.95681116020153, 26.679643620528132, 100], "50": [108.1371365909348, 26.06067167238637, 100], "51": [106.8472118811966, 24.49202648877125, 100], "52": [107.35146589657118, 28.625259661664924, 100], "53": [107.78759463013687, 27.62998804642462, 100], "54": [109.09598912687414, 25.14918755236704, 100], "55": [109.28490028209771, 28.325089483852647, 100], "56": [109.07006694037166, 26.58989947511955, 100], "57": [107.5016794013478, 27.776309169492343, 100], "58": [107.7716178029211, 26.26493785015868, 100], "59": [107.47090538351546, 27.704893855764563, 100], "60": [107.7187098784108, 24.641556734648958, 100], "61": [108.43217027563749, 27.432881689169697, 100], "62": [106.93761762307311, 28.920712697005005, 100], "63": [108.90451652427912, 25.531254731574524, 100], "64": [108.02439024100882, 25.940028721315134, 100], "65": [108.9551200252862, 28.53129510966529, 100], "66": [107.41497884528634, 27.449733341673202, 100], "67": [106.92128621565095, 27.086548889015624, 100], "68": [107.2468819649194, 25.20000540325175, 100], "69": [109.054539948844, 28.353689339440777, 100], "70": [107.97517567704573, 28.784478808772278, 100], "71": [106.98509628305742, 25.087688141073173, 100], "72": [109.17320960131873, 24.432201019591094, 100], "73": [107.88699068366911, 26.37700109858356, 100], "74": [108.75622046666136, 27.49345658194335, 100], "75": [108.84660905695264, 28.991829460632868, 100], "76": [109.24688269201665, 26.220660418979683, 100], "77": [107.91103821711617, 28.9986170852821, 100], "78": [108.26332466386891, 27.62580629786341, 100], "79": [107.10496598432731, 28.594953009439656, 100], "80": [108.04932705344264, 27.5541409928187, 100], "81": [107.59569550361117, 29.065924642376704, 100], "82": [108.86143439872956, 28.568547868889453, 100], "83": [109.22383960311765, 26.65242552027282, 100], "84": [106.9500916245519, 24.847363291495924, 100], "85": [108.02242381177848, 26.264959898478228, 100], "86": [107.44789264584176, 27.15423541064392, 100], "87": [109.18133922963838, 28.300578680249252, 100], "88": [108.7089113250883, 24.803703454723728, 100], "89": [109.32563342913346, 24.86143819235989, 100], "90": [108.73621598238509, 26.70779869490238, 100], "91": [107.690865916825, 26.901789960828822, 100], "92": [108.09011477895275, 26.33221617135615, 100], "93": [109.02828006733291, 25.238034785791935, 100], "94": [107.74263537409469, 26.129029329703034, 100], "95": [107.09432367813169, 28.70842620987323, 100], "96": [108.47625261889768, 25.79228046673149, 100], "97": [106.94351632257494, 26.927826671616927, 100], "98": [108.86617676587151, 27.009402851216905, 100], "99": [106.97231436312585, 24.40967074959268,100]}