{"0": [108.38839716226406, 26.33066048394761, 100], "1": [107.17649097435122, 26.58627833846414, 100], "2": [107.42170954423352, 27.23072812497667, 100], "3": [105.44698338608833, 26.449820174176246, 100], "4": [105.61797674997759, 25.76320544379773, 100], "5": [106.3996415761198, 26.827529787164078, 100], "6": [107.57564673807168, 26.83284849264729, 100], "7": [105.43389048193319, 26.20238872018828, 100], "8": [106.02918814493621, 26.323400971386228, 100], "9": [105.8659470657777, 27.320580911704916, 100], "10": [107.52339551214142, 26.805019808094503, 100], "11": [105.80932554337615, 26.1740659832126, 100], "12": [106.86418418119914, 27.117286244980168, 100], "13": [106.10604374728607, 26.022764550087974, 100], "14": [106.89999350453647, 26.960485268271388, 100], "15": [108.35555607299813, 26.041576068360037, 100], "16": [105.44048769724833, 25.840674446770667, 100], "17": [105.76741739739784, 27.111965792572157, 100], "18": [106.67630650865785, 26.598890286020413, 100], "19": [107.09881738378284, 26.504357191885948, 100], "20": [107.82647510894144, 26.398042945714842, 100], "21": [106.45511459127357, 25.864973173678084, 100], "22": [106.76592730162176, 27.334988476900406, 100], "23": [107.98917045486094, 25.825773290876853, 100], "24": [108.558155661937, 26.606318754423356, 100], "25": [106.48897558446363, 25.737923106338318, 100], "26": [105.4957724279688, 26.12534358513675, 100], "27": [106.89053699144453, 26.325047352263255, 100], "28": [105.32486978353495, 26.87540354566319, 100], "29": [106.10682705895684, 25.84738698236009, 100], "30": [108.74746881315602, 25.625596772808027, 100], "31": [105.1471616067051, 25.9928936635667, 100], "32": [107.2966224047568, 26.74418554327969, 100], "33": [106.73014112877723, 26.992101757904145, 100], "34": [106.89173746220001, 27.178731565583462, 100], "35": [107.5800412566503, 26.393943743733118, 100], "36": [106.20473016363681, 26.028088365027536, 100], "37": [107.73010098770182, 26.41216264570415, 100], "38": [105.7182823648508, 25.90778765024546, 100], "39": [105.52604259774687, 26.086359830552865, 100], "40": [106.16860093466907, 27.101159216001857, 100], "41": [108.10199521617503, 27.233545645276234, 100], "42": [106.51499193377016, 27.027268897167932, 100], "43": [106.67547752003193, 26.08543080945025, 100], "44": [105.87264605657802, 26.142249495574315, 100], "45": [108.78593365384963, 25.879724849206724, 100], "46": [106.13219122645812, 26.92526100313526, 100], "47": [106.07334333274427, 26.402831790658205, 100], "48": [108.09320795233266, 26.58873400759801, 100], "49": [108.19604253504522, 26.564565447249286, 100], "50": [107.30322120189929, 27.678744832302893, 100], "51": [107.59940076866233, 27.916549693413454, 100], "52": [108.00682237082259, 27.49151726907738, 100], "53": [108.17573184818892, 28.570047905890707, 100], "54": [106.82465000062608, 27.563597070836096, 100], "55": [108.2891660596178, 27.410524862255475, 100], "56": [106.97808950504951, 28.548699883634683, 100], "57": [107.69117717846396, 28.560390747638575, 100], "58": [108.45034451652634, 27.609197438492014, 100], "59": [107.86649607667793, 28.250200484817018, 100], "60": [106.25530198896885, 27.649495746593807, 100], "61": [108.03879931870345, 27.707090692803206, 100], "62": [106.8840870797694, 27.47876596018641, 100], "63": [108.46226490569688, 28.03509547295108, 100], "64": [108.38640709112485, 27.662792492320854, 100], "65": [106.76284154638614, 28.05603337065194, 100], "66": [107.96010620064628, 27.57019363334782, 100], "67": [107.35794967906573, 28.17364371184482, 100], "68": [107.13269831921744, 27.221090250525343, 100], "69": [107.09526622860167, 28.1470586295383, 100], "70": [107.23968284154896, 28.07398827990459, 100], "71": [106.69302456000898, 28.34397039054761, 100], "72": [106.80159537023636, 27.243988683903375, 100], "73": [106.47140058233205, 27.613563823945384, 100], "74": [108.14785833837624, 28.405333166402922, 100], "75": [107.86330515466652, 27.37665501102714, 100], "76": [107.56176807670298, 28.49124009542555, 100], "77": [106.35366163548127, 28.022405632544896, 100], "78": [107.59665432405639, 28.136023761355737, 100], "79": [107.64549457924798, 28.29108992641715, 100], "80": [108.36599971501074, 27.66053521521719, 100], "81": [106.42002570991497, 28.07071872971251, 100], "82": [106.89202055644364, 27.238108618075163, 100], "83": [107.29054151539395, 27.789168539856163, 100], "84": [107.20588901413213, 28.2586235233037, 100], "85": [106.6298444786858, 28.318459291271292, 100], "86": [108.37403142929243, 27.742555624177413, 100], "87": [108.47258757450142, 28.023570612348152, 100], "88": [108.27710406383311, 28.045718082162637, 100], "89": [106.5141437919059, 28.425305421138766, 100], "90": [107.52686268940955, 28.198898996205806, 100], "91": [108.3826253899338, 28.036727342544868, 100], "92": [106.35660294973508, 27.46378075097542, 100], "93": [107.44475739813433, 28.026292765583243, 100], "94": [107.46921902728148, 28.154049534124983, 100], "95": [107.62088706243509, 27.33845327255921, 100], "96": [106.66890864918393, 27.172561281714778, 100], "97": [107.41771503724577, 27.81514263665213, 100], "98": [106.7022768283488, 27.90642900227764, 100], "99": [107.87301839612842, 28.520736335901002, 100]}